DUPLICATE_REFERENCE,MANUFACTURER/ VENDOR
GRP-ED-100,Manufacturer
GRP-ED-101,Manufacturer
NA,Manufacturer
GRP-ED-102,Manufacturer
GRP-ED-103,Manufacturer
GRP-ED-104,Manufacturer
GRP-ED-105,Manufacturer
GRP-ED-106,Manufacturer
GRP-ED-107,Manufacturer
GRP-ED-108,Manufacturer
GRP-ED-109,Manufacturer
GRP-ED-110,Manufacturer
GRP-ED-111,Manufacturer
NA,Vendor
GRP-ED-112,Manufacturer
GRP-ED-113,Manufacturer
GRP-ED-114,Manufacturer
GRP-ED-115,Manufacturer
GRP-ED-116,Manufacturer
GRP-ED-117,Manufacturer
GRP-ED-118,Manufacturer
GRP-ED-119,Manufacturer
GRP-ED-120,Manufacturer
GRP-ED-121,Manufacturer
GRP-ED-122,Manufacturer
GRP-ED-123,Manufacturer
GRP-ED-124,Manufacturer
GRP-ED-125,Manufacturer
GRP-ED-126,Manufacturer
GRP-ED-127,Manufacturer
GRP-ED-128,Manufacturer
GRP-ED-129,Manufacturer
GRP-ED-130,Manufacturer
GRP-ED-131,Manufacturer
GRP-ED-132,Manufacturer
GRP-ED-133,Manufacturer
GRP-ED-134,Manufacturer
GRP-ED-135,Manufacturer
GRP-ED-136,Manufacturer
GRP-ED-137,Manufacturer
GRP-ED-138,Manufacturer
GRP-ED-139,Manufacturer
GRP-ED-140,Manufacturer
GRP-ED-141,Manufacturer
GRP-ED-142,Manufacturer
GRP-ED-143,Manufacturer
GRP-ED-144,Manufacturer
GRP-ED-145,Manufacturer
GRP-ED-146,Manufacturer
GRP-ED-147,Manufacturer
GRP-ED-148,Manufacturer
GRP-ED-149,Manufacturer
GRP-ED-150,Manufacturer
GRP-ED-151,Manufacturer
GRP-ED-152,Manufacturer
GRP-ED-153,Manufacturer
GRP-ED-154,Manufacturer
GRP-ED-155,Manufacturer
GRP-ED-156,Manufacturer
GRP-ED-157,Manufacturer
GRP-ED-158,Manufacturer
GRP-ED-159,Manufacturer
GRP-ED-160,Manufacturer
GRP-ED-161,Manufacturer
GRP-ED-162,Manufacturer
GRP-ED-163,Manufacturer
GRP-ED-164,Manufacturer
GRP-ED-165,Manufacturer
GRP-ED-166,Manufacturer
GRP-ED-167,Manufacturer
GRP-ED-168,Manufacturer
GRP-ED-169,Manufacturer
GRP-ED-170,Manufacturer
GRP-ED-171,Manufacturer
GRP-ED-172,Manufacturer
GRP-ED-173,Manufacturer
GRP-ED-174,Manufacturer
GRP-ED-175,Manufacturer
GRP-ED-176,Manufacturer
GRP-ED-177,Manufacturer
GRP-ED-178,Manufacturer
GRP-ED-179,Manufacturer
GRP-ED-180,Manufacturer
GRP-ED-181,Manufacturer
GRP-ED-182,Manufacturer
GRP-ED-183,Manufacturer
GRP-ED-184,Manufacturer
GRP-ED-185,Manufacturer
GRP-ED-186,Manufacturer
GRP-ED-187,Manufacturer
GRP-ED-188,Manufacturer
GRP-ED-189,Manufacturer
GRP-ED-190,Manufacturer
GRP-ED-191,Manufacturer
GRP-ED-192,Manufacturer
GRP-ED-193,Manufacturer
GRP-ED-194,Manufacturer
GRP-ED-195,Manufacturer
GRP-ED-196,Manufacturer
GRP-ED-197,Manufacturer
GRP-ED-198,Manufacturer
GRP-ED-199,Manufacturer
GRP-ED-200,Manufacturer
GRP-ED-201,Manufacturer
GRP-ED-202,Manufacturer
GRP-ED-203,Manufacturer
GRP-ED-204,Manufacturer
GRP-ED-205,Manufacturer
GRP-ED-206,Manufacturer
GRP-ED-207,Manufacturer
GRP-ED-208,Manufacturer
GRP-ED-209,Manufacturer
GRP-ED-210,Manufacturer
GRP-ED-211,Manufacturer
GRP-ED-212,Manufacturer
GRP-ED-213,Manufacturer
GRP-ED-214,Manufacturer
GRP-ED-215,Manufacturer
GRP-ED-216,Manufacturer
GRP-ED-217,Manufacturer
GRP-ED-218,Manufacturer
GRP-ED-219,Manufacturer
GRP-ED-220,Manufacturer
GRP-ED-221,Manufacturer
GRP-ED-222,Manufacturer
GRP-ED-223,Manufacturer
GRP-ED-224,Manufacturer
GRP-ED-225,Manufacturer
GRP-ED-226,Manufacturer
GRP-ED-227,Manufacturer
GRP-ED-228,Manufacturer
GRP-ED-229,Manufacturer
GRP-ED-230,Manufacturer
GRP-ED-231,Manufacturer
GRP-ED-232,Manufacturer
GRP-ED-233,Manufacturer
GRP-ED-234,Manufacturer
GRP-ED-235,Manufacturer
GRP-ED-236,Manufacturer
GRP-ED-237,Manufacturer
GRP-ED-238,Manufacturer
GRP-ED-239,Manufacturer
GRP-ED-240,Manufacturer
GRP-ED-241,Manufacturer
GRP-ED-242,Manufacturer
GRP-ED-243,Manufacturer
GRP-ED-244,Manufacturer
GRP-ED-245,Manufacturer
GRP-ED-246,Manufacturer
GRP-ED-98,Manufacturer
GRP-ED-99,Manufacturer
GRP-PD-1,Manufacturer
GRP-PD-10,Manufacturer
GRP-PD-11,Manufacturer
GRP-PD-12,Manufacturer
GRP-PD-13,Manufacturer
GRP-PD-14,Manufacturer
GRP-PD-15,Manufacturer
GRP-PD-16,Manufacturer
GRP-PD-18,Manufacturer
GRP-PD-19,Manufacturer
GRP-PD-2,Manufacturer
GRP-PD-20,Manufacturer
GRP-PD-21,Manufacturer
GRP-PD-22,Manufacturer
GRP-PD-23,Manufacturer
GRP-PD-24,Manufacturer
GRP-PD-25,Manufacturer
GRP-PD-26,Manufacturer
GRP-PD-27,Manufacturer
GRP-PD-28,Manufacturer
GRP-PD-3,Manufacturer
GRP-PD-30,Manufacturer
GRP-PD-31,Manufacturer
GRP-PD-32,Manufacturer
GRP-PD-33,Manufacturer
GRP-PD-34,Manufacturer
GRP-PD-35,Manufacturer
GRP-PD-36,Manufacturer
GRP-PD-37,Manufacturer
GRP-PD-38,Manufacturer
GRP-PD-39,Manufacturer
GRP-PD-4,Manufacturer
GRP-PD-40,Manufacturer
GRP-PD-41,Manufacturer
GRP-PD-42,Manufacturer
GRP-PD-43,Manufacturer
GRP-PD-44,Manufacturer
GRP-PD-45,Manufacturer
GRP-PD-46,Manufacturer
GRP-PD-47,Manufacturer
GRP-PD-48,Manufacturer
GRP-PD-49,Manufacturer
GRP-PD-50,Manufacturer
GRP-PD-51,Manufacturer
GRP-PD-52,Manufacturer
GRP-PD-53,Manufacturer
GRP-PD-54,Manufacturer
GRP-PD-55,Manufacturer
GRP-PD-56,Manufacturer
GRP-PD-57,Manufacturer
GRP-PD-58,Manufacturer
GRP-PD-59,Manufacturer
GRP-PD-6,Manufacturer
GRP-PD-60,Manufacturer
GRP-PD-61,Manufacturer
GRP-PD-62,Manufacturer
GRP-PD-63,Manufacturer
GRP-PD-64,Manufacturer
GRP-PD-65,Manufacturer
GRP-PD-66,Manufacturer
GRP-PD-67,Manufacturer
GRP-PD-68,Manufacturer
GRP-PD-69,Manufacturer
GRP-PD-7,Manufacturer
GRP-PD-70,Manufacturer
GRP-PD-71,Manufacturer
GRP-PD-72,Manufacturer
GRP-PD-73,Manufacturer
GRP-PD-74,Manufacturer
GRP-PD-75,Manufacturer
GRP-PD-76,Manufacturer
GRP-PD-77,Manufacturer
GRP-PD-78,Manufacturer
GRP-PD-79,Manufacturer
GRP-PD-8,Manufacturer
GRP-PD-80,Manufacturer
GRP-PD-81,Vendor
GRP-PD-81,Manufacturer
GRP-PD-82,Manufacturer
GRP-PD-83,Manufacturer
GRP-PD-84,Manufacturer
GRP-PD-85,Manufacturer
GRP-PD-86,Manufacturer
GRP-PD-87,Manufacturer
GRP-PD-88,Manufacturer
GRP-PD-89,Manufacturer
GRP-PD-9,Manufacturer
GRP-PD-90,Manufacturer
GRP-PD-91,Manufacturer
GRP-PD-92,Manufacturer
GRP-PD-93,Manufacturer
GRP-PD-94,Manufacturer
GRP-PD-95,Manufacturer
GRP-PD-96,Manufacturer
GRP-PD-97,Manufacturer
